"ProbabilityDistribution{result=Iris-setosa, probability_entries=[Iris-setosa=1.0, Iris-versicolor=4.413796504453234E-20, Iris-virginica=6.816648649047565E-47]}"
"ProbabilityDistribution{result=Iris-setosa, probability_entries=[Iris-setosa=1.0, Iris-versicolor=4.032942945103197E-17, Iris-virginica=2.879009971174501E-42]}"
"ProbabilityDistribution{result=Iris-setosa, probability_entries=[Iris-setosa=1.0, Iris-versicolor=1.0265265578379325E-17, Iris-virginica=1.2283160292811022E-43]}"
"ProbabilityDistribution{result=Iris-setosa, probability_entries=[Iris-setosa=0.999999999999989, Iris-versicolor=1.1023468995324376E-14, Iris-virginica=2.1701741783682743E-39]}"
"ProbabilityDistribution{result=Iris-setosa, probability_entries=[Iris-setosa=1.0, Iris-versicolor=7.410169378633015E-20, Iris-virginica=7.507626431646755E-47]}"
"ProbabilityDistribution{result=Iris-setosa, probability_entries=[Iris-setosa=1.0, Iris-versicolor=8.151780370010828E-18, Iris-virginica=2.7232362570666742E-43]}"
"ProbabilityDistribution{result=Iris-setosa, probability_entries=[Iris-setosa=0.9999999999999989, Iris-versicolor=1.2069646202739516E-15, Iris-virginica=7.76377566421551E-41]}"
"ProbabilityDistribution{result=Iris-setosa, probability_entries=[Iris-setosa=1.0, Iris-versicolor=4.280326087536879E-18, Iris-virginica=4.23602819968306E-44]}"
"ProbabilityDistribution{result=Iris-setosa, probability_entries=[Iris-setosa=0.9999999999999237, Iris-versicolor=7.634783877440793E-14, Iris-virginica=3.646538799976605E-38]}"
"ProbabilityDistribution{result=Iris-setosa, probability_entries=[Iris-setosa=1.0, Iris-versicolor=1.3536783155897967E-17, Iris-virginica=2.0433628160526473E-43]}"
"ProbabilityDistribution{result=Iris-setosa, probability_entries=[Iris-setosa=1.0, Iris-versicolor=1.6620168681400813E-21, Iris-virginica=8.268430749646654E-49]}"
"ProbabilityDistribution{result=Iris-setosa, probability_entries=[Iris-setosa=0.9999999999999993, Iris-versicolor=6.968787703075159E-16, Iris-virginica=2.899202299123841E-41]}"
"ProbabilityDistribution{result=Iris-setosa, probability_entries=[Iris-setosa=1.0, Iris-versicolor=1.0705647283597027E-17, Iris-virginica=1.5708703404684723E-43]}"
"ProbabilityDistribution{result=Iris-setosa, probability_entries=[Iris-setosa=1.0, Iris-versicolor=6.535132179912631E-18, Iris-virginica=1.943383749964733E-44]}"
"ProbabilityDistribution{result=Iris-setosa, probability_entries=[Iris-setosa=1.0, Iris-versicolor=4.752732394477417E-28, Iris-virginica=7.022596660498697E-58]}"
"ProbabilityDistribution{result=Iris-setosa, probability_entries=[Iris-setosa=1.0, Iris-versicolor=1.89747993048495E-23, Iris-virginica=1.6257674086112458E-51]}"
"ProbabilityDistribution{result=Iris-setosa, probability_entries=[Iris-setosa=1.0, Iris-versicolor=5.421485343453884E-22, Iris-virginica=4.167726030634008E-49]}"
"ProbabilityDistribution{result=Iris-setosa, probability_entries=[Iris-setosa=1.0, Iris-versicolor=6.375582503003699E-19, Iris-virginica=6.129644788471772E-45]}"
"ProbabilityDistribution{result=Iris-setosa, probability_entries=[Iris-setosa=1.0, Iris-versicolor=2.2862948865880912E-20, Iris-virginica=1.1422628151516965E-46]}"
"ProbabilityDistribution{result=Iris-setosa, probability_entries=[Iris-setosa=1.0, Iris-versicolor=5.925918200582383E-19, Iris-virginica=1.971253034573521E-45]}"
"ProbabilityDistribution{result=Iris-setosa, probability_entries=[Iris-setosa=1.0, Iris-versicolor=2.4280089403785787E-18, Iris-virginica=5.908886461034803E-44]}"
"ProbabilityDistribution{result=Iris-setosa, probability_entries=[Iris-setosa=1.0, Iris-versicolor=1.9549956877919494E-17, Iris-virginica=7.896535595123613E-43]}"
"ProbabilityDistribution{result=Iris-setosa, probability_entries=[Iris-setosa=1.0, Iris-versicolor=1.0653384909615688E-21, Iris-virginica=6.658291015396801E-50]}"
"ProbabilityDistribution{result=Iris-setosa, probability_entries=[Iris-setosa=0.9999999999990578, Iris-versicolor=9.422167263159936E-13, Iris-virginica=2.26054611765772E-35]}"
"ProbabilityDistribution{result=Iris-setosa, probability_entries=[Iris-setosa=0.9999999999990536, Iris-versicolor=9.46254310727309E-13, Iris-virginica=6.662974313389344E-37]}"
"ProbabilityDistribution{result=Iris-setosa, probability_entries=[Iris-setosa=0.9999999999999987, Iris-versicolor=1.2897060961628992E-15, Iris-virginica=4.743235403849159E-40]}"
"ProbabilityDistribution{result=Iris-setosa, probability_entries=[Iris-setosa=0.9999999999999901, Iris-versicolor=9.889527193799647E-15, Iris-virginica=9.738323080170172E-39]}"
"ProbabilityDistribution{result=Iris-setosa, probability_entries=[Iris-setosa=1.0, Iris-versicolor=1.2746690341822275E-19, Iris-virginica=3.9500798975106264E-46]}"
"ProbabilityDistribution{result=Iris-setosa, probability_entries=[Iris-setosa=1.0, Iris-versicolor=2.6290356653516722E-20, Iris-virginica=6.189266238486572E-47]}"
"ProbabilityDistribution{result=Iris-setosa, probability_entries=[Iris-setosa=0.9999999999999861, Iris-versicolor=1.3938653634153213E-14, Iris-virginica=2.822927587462708E-39]}"
"ProbabilityDistribution{result=Iris-setosa, probability_entries=[Iris-setosa=0.9999999999999917, Iris-versicolor=8.302425699553674E-15, Iris-virginica=2.5631144144735382E-39]}"
"ProbabilityDistribution{result=Iris-setosa, probability_entries=[Iris-setosa=1.0, Iris-versicolor=4.1314102047662406E-18, Iris-virginica=5.910733282690155E-43]}"
"ProbabilityDistribution{result=Iris-setosa, probability_entries=[Iris-setosa=1.0, Iris-versicolor=6.217192941047262E-23, Iris-virginica=5.620339324116189E-52]}"
"ProbabilityDistribution{result=Iris-setosa, probability_entries=[Iris-setosa=1.0, Iris-versicolor=6.2985492050819845E-25, Iris-virginica=3.3784373030290606E-54]}"
"ProbabilityDistribution{result=Iris-setosa, probability_entries=[Iris-setosa=1.0, Iris-versicolor=1.3536783155897967E-17, Iris-virginica=2.0433628160526473E-43]}"
"ProbabilityDistribution{result=Iris-setosa, probability_entries=[Iris-setosa=1.0, Iris-versicolor=1.6443391424477915E-20, Iris-virginica=3.6578751017193117E-47]}"
"ProbabilityDistribution{result=Iris-setosa, probability_entries=[Iris-setosa=1.0, Iris-versicolor=1.8438903663354866E-23, Iris-virginica=4.137405558907274E-51]}"
"ProbabilityDistribution{result=Iris-setosa, probability_entries=[Iris-setosa=1.0, Iris-versicolor=1.3536783155897967E-17, Iris-virginica=2.0433628160526473E-43]}"
"ProbabilityDistribution{result=Iris-setosa, probability_entries=[Iris-setosa=0.999999999999997, Iris-versicolor=3.0187740943515437E-15, Iris-virginica=2.8790849224939905E-40]}"
"ProbabilityDistribution{result=Iris-setosa, probability_entries=[Iris-setosa=1.0, Iris-versicolor=1.1162936124819563E-18, Iris-virginica=8.63370635244392E-45]}"
"ProbabilityDistribution{result=Iris-setosa, probability_entries=[Iris-setosa=1.0, Iris-versicolor=2.20767297321723E-19, Iris-virginica=1.0577921447312689E-45]}"
"ProbabilityDistribution{result=Iris-setosa, probability_entries=[Iris-setosa=0.9999999999963135, Iris-versicolor=3.686530879917597E-12, Iris-virginica=1.8372407679713446E-34]}"
"ProbabilityDistribution{result=Iris-setosa, probability_entries=[Iris-setosa=0.9999999999999994, Iris-versicolor=5.787159323810974E-16, Iris-virginica=1.450757507797522E-41]}"
"ProbabilityDistribution{result=Iris-setosa, probability_entries=[Iris-setosa=0.9999999999990965, Iris-versicolor=9.034582096539459E-13, Iris-virginica=1.7675965735148962E-35]}"
"ProbabilityDistribution{result=Iris-setosa, probability_entries=[Iris-setosa=0.9999999999998713, Iris-versicolor=1.28705586547495E-13, Iris-virginica=1.1582249906113822E-37]}"
"ProbabilityDistribution{result=Iris-setosa, probability_entries=[Iris-setosa=0.9999999999999977, Iris-versicolor=2.2337165299687715E-15, Iris-virginica=1.2701913077668761E-39]}"
"ProbabilityDistribution{result=Iris-setosa, probability_entries=[Iris-setosa=1.0, Iris-versicolor=4.542883860505419E-19, Iris-virginica=6.2326754989283925E-46]}"
"ProbabilityDistribution{result=Iris-setosa, probability_entries=[Iris-setosa=0.9999999999999996, Iris-versicolor=4.35865155676483E-16, Iris-virginica=1.713437343972749E-41]}"
"ProbabilityDistribution{result=Iris-setosa, probability_entries=[Iris-setosa=1.0, Iris-versicolor=6.3728521592174006E-21, Iris-virginica=4.056809948454553E-48]}"
"ProbabilityDistribution{result=Iris-setosa, probability_entries=[Iris-setosa=1.0, Iris-versicolor=8.82827592237607E-19, Iris-virginica=6.637310384050059E-45]}"
"ProbabilityDistribution{result=Iris-versicolor, probability_entries=[Iris-setosa=9.807469956322181E-20, Iris-versicolor=0.9999882832776362, Iris-virginica=1.1716722363768405E-5]}"
"ProbabilityDistribution{result=Iris-versicolor, probability_entries=[Iris-setosa=2.6194493968548747E-22, Iris-versicolor=0.9999514376270653, Iris-virginica=4.856237293467013E-5]}"
"ProbabilityDistribution{result=Iris-versicolor, probability_entries=[Iris-setosa=6.315177290128921E-24, Iris-versicolor=0.9988013743401941, Iris-virginica=0.001198625659805889]}"
"ProbabilityDistribution{result=Iris-versicolor, probability_entries=[Iris-setosa=3.0034236328413717E-23, Iris-versicolor=0.9999577995068257, Iris-virginica=4.220049317422657E-5]}"
"ProbabilityDistribution{result=Iris-versicolor, probability_entries=[Iris-setosa=3.328921098813815E-24, Iris-versicolor=0.9985915298228002, Iris-virginica=0.0014084701771998488]}"
"ProbabilityDistribution{result=Iris-versicolor, probability_entries=[Iris-setosa=1.6480968413081606E-25, Iris-versicolor=0.9998981422454343, Iris-virginica=1.0185775456576156E-4]}"
"ProbabilityDistribution{result=Iris-versicolor, probability_entries=[Iris-setosa=8.797781669934247E-26, Iris-versicolor=0.9986942732870702, Iris-virginica=0.0013057267129297841]}"
"ProbabilityDistribution{result=Iris-versicolor, probability_entries=[Iris-setosa=1.328111448980128E-15, Iris-versicolor=0.9999999994648111, Iris-virginica=5.351876365780707E-10]}"
"ProbabilityDistribution{result=Iris-versicolor, probability_entries=[Iris-setosa=6.0912359437651486E-21, Iris-versicolor=0.9999854175872616, Iris-virginica=1.458241273841996E-5]}"
"ProbabilityDistribution{result=Iris-versicolor, probability_entries=[Iris-setosa=1.111321133093177E-23, Iris-versicolor=0.999985189361731, Iris-virginica=1.4810638269075043E-5]}"
"ProbabilityDistribution{result=Iris-versicolor, probability_entries=[Iris-setosa=1.526284443464444E-18, Iris-versicolor=0.9999999600921955, Iris-virginica=3.9907804510098546E-8]}"
"ProbabilityDistribution{result=Iris-versicolor, probability_entries=[Iris-setosa=8.226369663440599E-23, Iris-versicolor=0.9999625565391259, Iris-virginica=3.744346087411007E-5]}"
"ProbabilityDistribution{result=Iris-versicolor, probability_entries=[Iris-setosa=3.285239710023942E-17, Iris-versicolor=0.9999999005289322, Iris-virginica=9.947106779205558E-8]}"
"ProbabilityDistribution{result=Iris-versicolor, probability_entries=[Iris-setosa=4.590727159598624E-26, Iris-versicolor=0.9992011334631143, Iris-virginica=7.988665368856546E-4]}"
"ProbabilityDistribution{result=Iris-versicolor, probability_entries=[Iris-setosa=2.457893384579192E-16, Iris-versicolor=0.9999999862172047, Iris-virginica=1.3782795129667353E-8]}"
"ProbabilityDistribution{result=Iris-versicolor, probability_entries=[Iris-setosa=1.0342693291390918E-18, Iris-versicolor=0.9999971711643809, Iris-virginica=2.8288356191105196E-6]}"
"ProbabilityDistribution{result=Iris-versicolor, probability_entries=[Iris-setosa=1.0732535642797222E-27, Iris-versicolor=0.9986739972410077, Iris-virginica=0.0013260027589923418]}"
"ProbabilityDistribution{result=Iris-versicolor, probability_entries=[Iris-setosa=1.2540061342655122E-17, Iris-versicolor=0.9999999851884696, Iris-virginica=1.48115303918312E-8]}"
"ProbabilityDistribution{result=Iris-versicolor, probability_entries=[Iris-setosa=4.3383226383525705E-27, Iris-versicolor=0.9404018039924958, Iris-virginica=0.05959819600750427]}"
"ProbabilityDistribution{result=Iris-versicolor, probability_entries=[Iris-setosa=1.3880245532971884E-18, Iris-versicolor=0.9999999128732473, Iris-virginica=8.712675266155741E-8]}"
"ProbabilityDistribution{result=Iris-versicolor, probability_entries=[Iris-setosa=4.596220150457806E-32, Iris-versicolor=0.5951619090158431, Iris-virginica=0.40483809098415696]}"
"ProbabilityDistribution{result=Iris-versicolor, probability_entries=[Iris-setosa=5.932506337599376E-18, Iris-versicolor=0.9999996594188499, Iris-virginica=3.4058115000506747E-7]}"
"ProbabilityDistribution{result=Iris-versicolor, probability_entries=[Iris-setosa=1.0864636945009171E-29, Iris-versicolor=0.7751661993885147, Iris-virginica=0.22483380061148536]}"
"ProbabilityDistribution{result=Iris-versicolor, probability_entries=[Iris-setosa=4.197045024709612E-24, Iris-versicolor=0.9999597619057587, Iris-virginica=4.0238094241232056E-5]}"
"ProbabilityDistribution{result=Iris-versicolor, probability_entries=[Iris-setosa=5.625549448339232E-19, Iris-versicolor=0.9999985893397455, Iris-virginica=1.4106602544455179E-6]}"
"ProbabilityDistribution{result=Iris-versicolor, probability_entries=[Iris-setosa=1.1810024653846303E-19, Iris-versicolor=0.999992939812039, Iris-virginica=7.060187961074185E-6]}"
"ProbabilityDistribution{result=Iris-versicolor, probability_entries=[Iris-setosa=2.2122888964976615E-23, Iris-versicolor=0.9992875900656133, Iris-virginica=7.124099343867325E-4]}"
"ProbabilityDistribution{result=Iris-versicolor, probability_entries=[Iris-setosa=5.89969914134413E-29, Iris-versicolor=0.7239382815591269, Iris-virginica=0.27606171844087307]}"
"ProbabilityDistribution{result=Iris-versicolor, probability_entries=[Iris-setosa=1.0161792259622549E-25, Iris-versicolor=0.9990348474817361, Iris-virginica=9.651525182639227E-4]}"
"ProbabilityDistribution{result=Iris-versicolor, probability_entries=[Iris-setosa=2.6400973205494538E-12, Iris-versicolor=0.9999999998683176, Iris-virginica=1.2904238034402434E-10]}"
"ProbabilityDistribution{result=Iris-versicolor, probability_entries=[Iris-setosa=1.755091209436593E-18, Iris-versicolor=0.9999999153067256, Iris-virginica=8.469327439415163E-8]}"
"ProbabilityDistribution{result=Iris-versicolor, probability_entries=[Iris-setosa=2.807312986679907E-16, Iris-versicolor=0.9999999947011802, Iris-virginica=5.298819546604447E-9]}"
"ProbabilityDistribution{result=Iris-versicolor, probability_entries=[Iris-setosa=7.369730272132911E-18, Iris-versicolor=0.9999999129261828, Iris-virginica=8.707381720237241E-8]}"
"ProbabilityDistribution{result=Iris-virginica, probability_entries=[Iris-setosa=9.691825502796413E-35, Iris-versicolor=0.13237010811147068, Iris-virginica=0.8676298918885292]}"
"ProbabilityDistribution{result=Iris-versicolor, probability_entries=[Iris-setosa=7.293544890698024E-29, Iris-versicolor=0.9978307785669419, Iris-virginica=0.0021692214330580584]}"
"ProbabilityDistribution{result=Iris-versicolor, probability_entries=[Iris-setosa=4.375246673888687E-25, Iris-versicolor=0.9997870177275667, Iris-virginica=2.129822724332167E-4]}"
"ProbabilityDistribution{result=Iris-versicolor, probability_entries=[Iris-setosa=5.271658241722678E-23, Iris-versicolor=0.9997020280863804, Iris-virginica=2.9797191361962533E-4]}"
"ProbabilityDistribution{result=Iris-versicolor, probability_entries=[Iris-setosa=9.33205419603675E-23, Iris-versicolor=0.9997448639720703, Iris-virginica=2.551360279296639E-4]}"
"ProbabilityDistribution{result=Iris-versicolor, probability_entries=[Iris-setosa=3.3715341609779196E-21, Iris-versicolor=0.9999992115853276, Iris-virginica=7.884146724651662E-7]}"
"ProbabilityDistribution{result=Iris-versicolor, probability_entries=[Iris-setosa=1.5667340409395967E-22, Iris-versicolor=0.9999889073179803, Iris-virginica=1.1092682019664575E-5]}"
"ProbabilityDistribution{result=Iris-versicolor, probability_entries=[Iris-setosa=3.437469277682004E-25, Iris-versicolor=0.9999603016875825, Iris-virginica=3.9698312417454244E-5]}"
"ProbabilityDistribution{result=Iris-versicolor, probability_entries=[Iris-setosa=1.1617839410720391E-24, Iris-versicolor=0.9998403783657539, Iris-virginica=1.596216342460464E-4]}"
"ProbabilityDistribution{result=Iris-versicolor, probability_entries=[Iris-setosa=2.913971557137219E-19, Iris-versicolor=0.999999563938582, Iris-virginica=4.3606141795930384E-7]}"
"ProbabilityDistribution{result=Iris-versicolor, probability_entries=[Iris-setosa=2.22972010104073E-15, Iris-versicolor=0.9999999991841857, Iris-virginica=8.158121250871088E-10]}"
"ProbabilityDistribution{result=Iris-versicolor, probability_entries=[Iris-setosa=2.555583493219947E-23, Iris-versicolor=0.9999849788487182, Iris-virginica=1.502115128185473E-5]}"
"ProbabilityDistribution{result=Iris-versicolor, probability_entries=[Iris-setosa=1.6863597618986626E-20, Iris-versicolor=0.9999997458746811, Iris-virginica=2.541253189191041E-7]}"
"ProbabilityDistribution{result=Iris-versicolor, probability_entries=[Iris-setosa=5.111623402440887E-22, Iris-versicolor=0.9999969143207649, Iris-virginica=3.085679235079833E-6]}"
"ProbabilityDistribution{result=Iris-versicolor, probability_entries=[Iris-setosa=3.826200492309148E-20, Iris-versicolor=0.999997690338446, Iris-virginica=2.3096615540165067E-6]}"
"ProbabilityDistribution{result=Iris-versicolor, probability_entries=[Iris-setosa=4.19234499429621E-12, Iris-versicolor=0.9999999999341693, Iris-virginica=6.163826178648766E-11]}"
"ProbabilityDistribution{result=Iris-versicolor, probability_entries=[Iris-setosa=2.4783356813711522E-21, Iris-versicolor=0.9999976558503018, Iris-virginica=2.3441496982459756E-6]}"
"ProbabilityDistribution{result=Iris-virginica, probability_entries=[Iris-setosa=2.209969563339602E-59, Iris-versicolor=2.585233869574116E-10, Iris-virginica=0.9999999997414766]}"
"ProbabilityDistribution{result=Iris-virginica, probability_entries=[Iris-setosa=6.379505806382183E-42, Iris-versicolor=3.8609208473462816E-4, Iris-virginica=0.9996139079152653]}"
"ProbabilityDistribution{result=Iris-virginica, probability_entries=[Iris-setosa=1.560425670972602E-46, Iris-versicolor=9.65391038002999E-7, Iris-virginica=0.9999990346089621]}"
"ProbabilityDistribution{result=Iris-virginica, probability_entries=[Iris-setosa=1.7425362543304465E-42, Iris-versicolor=2.8115032522793793E-4, Iris-virginica=0.999718849674772]}"
"ProbabilityDistribution{result=Iris-virginica, probability_entries=[Iris-setosa=3.536764906974626E-51, Iris-versicolor=9.071537196284657E-8, Iris-virginica=0.9999999092846281]}"
"ProbabilityDistribution{result=Iris-virginica, probability_entries=[Iris-setosa=2.9544427079282037E-53, Iris-versicolor=4.502238379278961E-9, Iris-virginica=0.9999999954977616]}"
"ProbabilityDistribution{result=Iris-virginica, probability_entries=[Iris-setosa=7.4256628715014545E-37, Iris-versicolor=0.10918767336013696, Iris-virginica=0.890812326639863]}"
"ProbabilityDistribution{result=Iris-virginica, probability_entries=[Iris-setosa=9.383004023952476E-46, Iris-versicolor=4.498827332203757E-6, Iris-virginica=0.9999955011726678]}"
"ProbabilityDistribution{result=Iris-virginica, probability_entries=[Iris-setosa=3.1727394666791555E-45, Iris-versicolor=7.90123456855486E-6, Iris-virginica=0.9999920987654315]}"
"ProbabilityDistribution{result=Iris-virginica, probability_entries=[Iris-setosa=1.132226576812012E-52, Iris-versicolor=6.870635740163312E-9, Iris-virginica=0.9999999931293642]}"
"ProbabilityDistribution{result=Iris-virginica, probability_entries=[Iris-setosa=8.43954446651003E-36, Iris-versicolor=0.009741561509953171, Iris-virginica=0.9902584384900468]}"
"ProbabilityDistribution{result=Iris-virginica, probability_entries=[Iris-setosa=1.101081363373658E-40, Iris-versicolor=2.5709869122257883E-4, Iris-virginica=0.9997429013087774]}"
"ProbabilityDistribution{result=Iris-virginica, probability_entries=[Iris-setosa=8.632493496933097E-43, Iris-versicolor=2.002430738625422E-5, Iris-virginica=0.9999799756926137]}"
"ProbabilityDistribution{result=Iris-virginica, probability_entries=[Iris-setosa=2.0722944290399148E-44, Iris-versicolor=3.272223285335457E-5, Iris-virginica=0.9999672777671466]}"
"ProbabilityDistribution{result=Iris-virginica, probability_entries=[Iris-setosa=4.835735574382798E-51, Iris-versicolor=8.057895611422942E-8, Iris-virginica=0.9999999194210438]}"
"ProbabilityDistribution{result=Iris-virginica, probability_entries=[Iris-setosa=2.955428869620374E-45, Iris-versicolor=4.834129509163411E-6, Iris-virginica=0.999995165870491]}"
"ProbabilityDistribution{result=Iris-virginica, probability_entries=[Iris-setosa=5.30216381362623E-39, Iris-versicolor=0.002300630870482509, Iris-virginica=0.9976993691295174]}"
"ProbabilityDistribution{result=Iris-virginica, probability_entries=[Iris-setosa=8.794573174697892E-51, Iris-versicolor=7.550916550607212E-8, Iris-virginica=0.9999999244908345]}"
"ProbabilityDistribution{result=Iris-virginica, probability_entries=[Iris-setosa=1.9806121173882042E-63, Iris-versicolor=6.068062475575355E-13, Iris-virginica=0.9999999999993932]}"
"ProbabilityDistribution{result=Iris-virginica, probability_entries=[Iris-setosa=1.4983147477106883E-34, Iris-versicolor=0.0795077056359559, Iris-virginica=0.9204922943640442]}"
"ProbabilityDistribution{result=Iris-virginica, probability_entries=[Iris-setosa=1.286009369079136E-47, Iris-versicolor=3.8157859330617E-7, Iris-virginica=0.9999996184214067]}"
"ProbabilityDistribution{result=Iris-virginica, probability_entries=[Iris-setosa=1.061154345581927E-41, Iris-versicolor=4.870091667088946E-4, Iris-virginica=0.999512990833291]}"
"ProbabilityDistribution{result=Iris-virginica, probability_entries=[Iris-setosa=2.310177514506634E-53, Iris-versicolor=3.6714786456610094E-9, Iris-virginica=0.9999999963285213]}"
"ProbabilityDistribution{result=Iris-virginica, probability_entries=[Iris-setosa=1.2509130980510369E-33, Iris-versicolor=0.051566097381692655, Iris-virginica=0.9484339026183074]}"
"ProbabilityDistribution{result=Iris-virginica, probability_entries=[Iris-setosa=1.9242971211647237E-44, Iris-versicolor=1.7616154793170973E-5, Iris-virginica=0.9999823838452069]}"
"ProbabilityDistribution{result=Iris-virginica, probability_entries=[Iris-setosa=3.883914321728007E-40, Iris-versicolor=4.413946651661931E-4, Iris-virginica=0.9995586053348338]}"
"ProbabilityDistribution{result=Iris-virginica, probability_entries=[Iris-setosa=2.807363963862402E-32, Iris-versicolor=0.1754559613222706, Iris-virginica=0.8245440386777293]}"
"ProbabilityDistribution{result=Iris-virginica, probability_entries=[Iris-setosa=3.886177729736777E-33, Iris-versicolor=0.197700993898675, Iris-virginica=0.802299006101325]}"
"ProbabilityDistribution{result=Iris-virginica, probability_entries=[Iris-setosa=2.6402324213430585E-48, Iris-versicolor=7.647258834943063E-7, Iris-virginica=0.9999992352741164]}"
"ProbabilityDistribution{result=Iris-virginica, probability_entries=[Iris-setosa=1.2428904470478205E-34, Iris-versicolor=0.028798724022500274, Iris-virginica=0.9712012759774996]}"
"ProbabilityDistribution{result=Iris-virginica, probability_entries=[Iris-setosa=9.289726431148763E-45, Iris-versicolor=3.1252516366215014E-6, Iris-virginica=0.9999968747483633]}"
"ProbabilityDistribution{result=Iris-virginica, probability_entries=[Iris-setosa=3.933880259097022E-41, Iris-versicolor=8.108554567348159E-5, Iris-virginica=0.9999189144543266]}"
"ProbabilityDistribution{result=Iris-virginica, probability_entries=[Iris-setosa=2.936148658123546E-50, Iris-versicolor=1.2284266626015004E-7, Iris-virginica=0.9999998771573337]}"
"ProbabilityDistribution{result=Iris-versicolor, probability_entries=[Iris-setosa=1.0827719214358768E-30, Iris-versicolor=0.795125939511678, Iris-virginica=0.20487406048832207]}"
"ProbabilityDistribution{result=Iris-virginica, probability_entries=[Iris-setosa=5.174971223690956E-38, Iris-versicolor=0.033595340571332594, Iris-virginica=0.9664046594286674]}"
"ProbabilityDistribution{result=Iris-virginica, probability_entries=[Iris-setosa=3.3303588952355267E-49, Iris-versicolor=1.6586048622309984E-8, Iris-virginica=0.9999999834139512]}"
"ProbabilityDistribution{result=Iris-virginica, probability_entries=[Iris-setosa=5.784510502564848E-51, Iris-versicolor=1.364130203917103E-7, Iris-virginica=0.9999998635869796]}"
"ProbabilityDistribution{result=Iris-virginica, probability_entries=[Iris-setosa=4.808369230600787E-39, Iris-versicolor=0.0035027362714550566, Iris-virginica=0.9964972637285449]}"
"ProbabilityDistribution{result=Iris-virginica, probability_entries=[Iris-setosa=1.878191912512291E-32, Iris-versicolor=0.33085753591934874, Iris-virginica=0.6691424640806513]}"
"ProbabilityDistribution{result=Iris-virginica, probability_entries=[Iris-setosa=5.363856675339216E-40, Iris-versicolor=1.2830212771269798E-4, Iris-virginica=0.9998716978722872]}"
"ProbabilityDistribution{result=Iris-virginica, probability_entries=[Iris-setosa=3.7916082163165734E-50, Iris-versicolor=4.9279553526770433E-8, Iris-virginica=0.9999999507204465]}"
"ProbabilityDistribution{result=Iris-virginica, probability_entries=[Iris-setosa=1.5246472445591538E-39, Iris-versicolor=5.6039023358900985E-5, Iris-virginica=0.9999439609766411]}"
"ProbabilityDistribution{result=Iris-virginica, probability_entries=[Iris-setosa=6.379505806382183E-42, Iris-versicolor=3.8609208473462816E-4, Iris-virginica=0.9996139079152653]}"
"ProbabilityDistribution{result=Iris-virginica, probability_entries=[Iris-setosa=3.242572016930629E-51, Iris-versicolor=4.5237126246705404E-8, Iris-virginica=0.9999999547628737]}"
"ProbabilityDistribution{result=Iris-virginica, probability_entries=[Iris-setosa=2.943216317561278E-52, Iris-versicolor=1.1729822089849125E-8, Iris-virginica=0.9999999882701779]}"
"ProbabilityDistribution{result=Iris-virginica, probability_entries=[Iris-setosa=5.000820209596953E-43, Iris-versicolor=6.834793405054277E-6, Iris-virginica=0.9999931652065949]}"
"ProbabilityDistribution{result=Iris-virginica, probability_entries=[Iris-setosa=2.597235609280884E-38, Iris-versicolor=8.933152702803492E-4, Iris-virginica=0.9991066847297195]}"
"ProbabilityDistribution{result=Iris-virginica, probability_entries=[Iris-setosa=1.508957847582623E-38, Iris-versicolor=0.0010060866827362033, Iris-virginica=0.9989939133172637]}"
"ProbabilityDistribution{result=Iris-virginica, probability_entries=[Iris-setosa=8.569602572387034E-47, Iris-versicolor=4.37495564200266E-6, Iris-virginica=0.9999956250443581]}"
"ProbabilityDistribution{result=Iris-virginica, probability_entries=[Iris-setosa=2.433696448175422E-37, Iris-versicolor=0.022321147950679597, Iris-virginica=0.9776788520493204]}"
